{
  "Backbone Only": {
    "params_m": 10.282412,
    "inference_ms": 14.0195894241333,
    "accuracy": 98.5,
    "precision_macro": 98.33845685166722,
    "recall_macro": 98.71452833101745,
    "f1_macro": 98.51976220356153,
    "cohen_kappa": 0.9795343100470165,
    "mcc": 0.9795627796536903,
    "ece": 0.03586576592922207,
    "auc_roc": 0.9984865115982535,
    "precision_pc": [
      98.4313725490196,
      98.0392156862745,
      97.22222222222221,
      99.66101694915255
    ],
    "recall_pc": [
      98.81889763779527,
      98.0392156862745,
      100.0,
      98.0
    ],
    "f1_pc": [
      98.62475442043221,
      98.0392156862745,
      98.59154929577466,
      98.82352941176471
    ],
    "cm": [
      [
        251,
        3,
        0,
        0
      ],
      [
        1,
        300,
        4,
        1
      ],
      [
        0,
        0,
        140,
        0
      ],
      [
        3,
        3,
        0,
        294
      ]
    ],
    "unc_mean": 0.056797660887241364,
    "unc_correct": 0.05595904588699341,
    "unc_incorrect": 0.11186692118644714,
    "unc_ratio": 1.999085545539856,
    "loss": 0.2440425402019173
  },
  "+ AMSM (DW-Sep)": {
    "params_m": 10.974902,
    "inference_ms": 15.492815971374512,
    "accuracy": 99.2,
    "precision_macro": 99.3099719758125,
    "recall_macro": 99.29295970356647,
    "f1_macro": 99.30130377005769,
    "cohen_kappa": 0.989073963802042,
    "mcc": 0.9890753172273083,
    "ece": 0.026268644154071832,
    "auc_roc": 0.9995010275002414,
    "precision_pc": [
      99.2094861660079,
      98.69706840390879,
      100.0,
      99.33333333333333
    ],
    "recall_pc": [
      98.81889763779527,
      99.01960784313727,
      100.0,
      99.33333333333333
    ],
    "f1_pc": [
      99.0138067061144,
      98.85807504078304,
      100.0,
      99.33333333333333
    ],
    "cm": [
      [
        251,
        3,
        0,
        0
      ],
      [
        1,
        303,
        0,
        2
      ],
      [
        0,
        0,
        140,
        0
      ],
      [
        1,
        1,
        0,
        298
      ]
    ],
    "unc_mean": 0.03607281669974327,
    "unc_correct": 0.03561633080244064,
    "unc_incorrect": 0.09267660975456238,
    "unc_ratio": 2.6020820140838623,
    "loss": 0.14232338347937912
  }
}