{
  "ResNet-50": {
    "model": "ResNet-50",
    "timm": "resnet50",
    "params_m": 23.516228,
    "inference_ms": 6.760680675506592,
    "accuracy": 98.4,
    "precision_macro": 98.4349295892468,
    "recall_macro": 98.60101127064999,
    "f1_macro": 98.51574315161436,
    "cohen_kappa": 0.9781572947809586,
    "mcc": 0.9781693714251121,
    "ece": 0.012274747908115436,
    "auc_roc": 0.9984871032485026,
    "precision_pc": [
      98.41897233201581,
      97.40259740259741,
      98.59154929577466,
      99.32659932659934
    ],
    "recall_pc": [
      98.03149606299213,
      98.0392156862745,
      100.0,
      98.33333333333333
    ],
    "f1_pc": [
      98.22485207100591,
      97.71986970684038,
      99.29078014184397,
      98.82747068676717
    ],
    "cm": [
      [
        249,
        5,
        0,
        0
      ],
      [
        3,
        300,
        1,
        2
      ],
      [
        0,
        0,
        140,
        0
      ],
      [
        1,
        3,
        1,
        295
      ]
    ]
  },
  "VGG-16": {
    "model": "VGG-16",
    "timm": "vgg16",
    "params_m": 134.276932,
    "inference_ms": 12.4544358253479,
    "accuracy": 98.7,
    "precision_macro": 98.87002532906567,
    "recall_macro": 98.88119499768412,
    "f1_macro": 98.87517303935599,
    "cohen_kappa": 0.9822474217794092,
    "mcc": 0.9822514470706828,
    "ece": 0.011166450381279037,
    "auc_roc": 0.9985765995624969,
    "precision_pc": [
      98.4313725490196,
      97.71986970684038,
      100.0,
      99.32885906040269
    ],
    "recall_pc": [
      98.81889763779527,
      98.0392156862745,
      100.0,
      98.66666666666667
    ],
    "f1_pc": [
      98.62475442043221,
      97.87928221859707,
      100.0,
      98.99665551839465
    ],
    "cm": [
      [
        251,
        3,
        0,
        0
      ],
      [
        4,
        300,
        0,
        2
      ],
      [
        0,
        0,
        140,
        0
      ],
      [
        0,
        4,
        0,
        296
      ]
    ]
  },
  "EfficientNet-B3": {
    "model": "EfficientNet-B3",
    "timm": "efficientnet_b3",
    "params_m": 10.70238,
    "inference_ms": 12.560069561004639,
    "accuracy": 98.7,
    "precision_macro": 98.77407578032,
    "recall_macro": 98.83428542020482,
    "f1_macro": 98.80315285255527,
    "cohen_kappa": 0.9822478096528218,
    "mcc": 0.9822545186384244,
    "ece": 0.010697685718536349,
    "auc_roc": 0.9996529033487441,
    "precision_pc": [
      98.4126984126984,
      97.72727272727273,
      99.29078014184397,
      99.66555183946488
    ],
    "recall_pc": [
      97.63779527559055,
      98.36601307189542,
      100.0,
      99.33333333333333
    ],
    "f1_pc": [
      98.02371541501977,
      98.0456026058632,
      99.644128113879,
      99.4991652754591
    ],
    "cm": [
      [
        248,
        6,
        0,
        0
      ],
      [
        3,
        301,
        1,
        1
      ],
      [
        0,
        0,
        140,
        0
      ],
      [
        1,
        1,
        0,
        298
      ]
    ]
  },
  "ViT-B/16": {
    "model": "ViT-B/16",
    "timm": "vit_base_patch16_224",
    "params_m": 85.801732,
    "inference_ms": 14.25159215927124,
    "accuracy": 99.1,
    "precision_macro": 99.1160394112174,
    "recall_macro": 99.24144408419536,
    "f1_macro": 99.17770176474822,
    "cohen_kappa": 0.987713411221205,
    "mcc": 0.9877202121984301,
    "ece": 0.008505982339382146,
    "auc_roc": 0.9996887226622924,
    "precision_pc": [
      98.828125,
      99.01639344262296,
      99.29078014184397,
      99.32885906040269
    ],
    "recall_pc": [
      99.60629921259843,
      98.69281045751634,
      100.0,
      98.66666666666667
    ],
    "f1_pc": [
      99.2156862745098,
      98.8543371522095,
      99.644128113879,
      98.99665551839465
    ],
    "cm": [
      [
        253,
        1,
        0,
        0
      ],
      [
        1,
        302,
        1,
        2
      ],
      [
        0,
        0,
        140,
        0
      ],
      [
        2,
        2,
        0,
        296
      ]
    ]
  },
  "Swin-Tiny": {
    "model": "Swin-Tiny",
    "timm": "swin_tiny_patch4_window7_224",
    "params_m": 27.52243,
    "inference_ms": 11.081290245056152,
    "accuracy": 98.9,
    "precision_macro": 98.96606107617325,
    "recall_macro": 99.04786166435078,
    "f1_macro": 99.00641518308588,
    "cohen_kappa": 0.9849802285189959,
    "mcc": 0.9849829311620434,
    "ece": 0.01076095736026764,
    "auc_roc": 0.9993978291338523,
    "precision_pc": [
      99.2094861660079,
      98.36065573770492,
      99.29078014184397,
      99.00332225913621
    ],
    "recall_pc": [
      98.81889763779527,
      98.0392156862745,
      100.0,
      99.33333333333333
    ],
    "f1_pc": [
      99.0138067061144,
      98.19967266775778,
      99.644128113879,
      99.16805324459234
    ],
    "cm": [
      [
        251,
        3,
        0,
        0
      ],
      [
        2,
        300,
        1,
        3
      ],
      [
        0,
        0,
        140,
        0
      ],
      [
        0,
        2,
        0,
        298
      ]
    ]
  },
  "DenseNet-121": {
    "model": "DenseNet-121",
    "timm": "densenet121",
    "params_m": 6.957956,
    "inference_ms": 15.549395084381104,
    "accuracy": 98.8,
    "precision_macro": 98.86938960261591,
    "recall_macro": 98.94943646750039,
    "f1_macro": 98.90900163051175,
    "cohen_kappa": 0.9836146605094203,
    "mcc": 0.9836160152914541,
    "ece": 0.01100461059808729,
    "auc_roc": 0.9995006381562276,
    "precision_pc": [
      98.81422924901186,
      98.0392156862745,
      99.29078014184397,
      99.33333333333333
    ],
    "recall_pc": [
      98.4251968503937,
      98.0392156862745,
      100.0,
      99.33333333333333
    ],
    "f1_pc": [
      98.61932938856016,
      98.0392156862745,
      99.644128113879,
      99.33333333333333
    ],
    "cm": [
      [
        250,
        4,
        0,
        0
      ],
      [
        3,
        300,
        1,
        2
      ],
      [
        0,
        0,
        140,
        0
      ],
      [
        0,
        2,
        0,
        298
      ]
    ]
  },
  "HSANet (Ours)": {
    "model": "HSANet (Ours)",
    "params_m": 10.974902,
    "inference_ms": 19.162297248840332,
    "accuracy": 99.2,
    "precision_macro": 99.3099719758125,
    "recall_macro": 99.29295970356647,
    "f1_macro": 99.30130377005769,
    "cohen_kappa": 0.989073963802042,
    "mcc": 0.9890753172273083,
    "ece": 0.026268644154071832,
    "auc_roc": 0.9995010275002414,
    "precision_pc": [
      99.2094861660079,
      98.69706840390879,
      100.0,
      99.33333333333333
    ],
    "recall_pc": [
      98.81889763779527,
      99.01960784313727,
      100.0,
      99.33333333333333
    ],
    "f1_pc": [
      99.0138067061144,
      98.85807504078304,
      100.0,
      99.33333333333333
    ],
    "cm": [
      [
        251,
        3,
        0,
        0
      ],
      [
        1,
        303,
        0,
        2
      ],
      [
        0,
        0,
        140,
        0
      ],
      [
        1,
        1,
        0,
        298
      ]
    ],
    "unc_mean": 0.03607281669974327,
    "unc_correct": 0.03561633080244064,
    "unc_incorrect": 0.09267660975456238,
    "unc_ratio": 2.6020820140838623,
    "loss": 0.14232338347937912
  }
}