{
  "summary": {
    "accuracy": {
      "mean": 99.06,
      "std": 0.17435595774162746,
      "ci95": 0.15282973532660502
    },
    "f1_macro": {
      "mean": 99.07522716714065,
      "std": 0.16759021107363364,
      "ci95": 0.14689929689507966
    },
    "auc_roc": {
      "mean": 0.9994877151532633,
      "std": 0.0003146764433969858,
      "ci95": 0.00027582606399458184
    },
    "ece": {
      "mean": 0.018235654377937314,
      "std": 0.00388840311979958,
      "ci95": 0.0034083356103192944
    },
    "cohen_kappa": {
      "mean": 0.9874038217194918,
      "std": 0.0023350648004445513,
      "ci95": 0.002046774541259111
    },
    "mcc": {
      "mean": 0.9874437922823679,
      "std": 0.0023270105860720893,
      "ci95": 0.002039714711088976
    },
    "precision_macro": {
      "mean": 99.09278600271412,
      "std": 0.17991191744811563,
      "ci95": 0.1576997487315163
    },
    "recall_macro": {
      "mean": 99.069344602269,
      "std": 0.15858012880770636,
      "ci95": 0.13900161157472402
    }
  },
  "per_fold": [
    {
      "accuracy": 99.2,
      "precision_macro": 99.27007299270073,
      "recall_macro": 99.12175954276383,
      "f1_macro": 99.18449263443419,
      "cohen_kappa": 0.9892759812812253,
      "mcc": 0.9893516927867061,
      "ece": 0.013346026241779295,
      "auc_roc": 0.9997884630363656,
      "precision_pc": [
        100.0,
        97.08029197080292,
        100.0,
        100.0
      ],
      "recall_pc": [
        96.95652173913044,
        100.0,
        99.53051643192488,
        100.0
      ],
      "f1_pc": [
        98.45474613686534,
        98.51851851851852,
        99.76470588235294,
        100.0
      ],
      "cm": [
        [
          223,
          7,
          0,
          0
        ],
        [
          0,
          266,
          0,
          0
        ],
        [
          0,
          1,
          212,
          0
        ],
        [
          0,
          0,
          0,
          291
        ]
      ],
      "unc_mean": 0.02224826067686081,
      "unc_correct": 0.02169973962008953,
      "unc_incorrect": 0.0902649313211441,
      "unc_ratio": 4.159724235534668,
      "loss": 0.2361338223272469
    },
    {
      "accuracy": 98.8,
      "precision_macro": 98.8277676236254,
      "recall_macro": 98.839514661225,
      "f1_macro": 98.82562007143274,
      "cohen_kappa": 0.9839237772692928,
      "mcc": 0.9839791426209287,
      "ece": 0.016831123173236838,
      "auc_roc": 0.9989130627549969,
      "precision_pc": [
        97.44680851063829,
        99.2248062015504,
        100.0,
        98.63945578231292
      ],
      "recall_pc": [
        99.56521739130434,
        96.60377358490567,
        99.53271028037383,
        99.65635738831615
      ],
      "f1_pc": [
        98.49462365591398,
        97.89674952198853,
        99.76580796252928,
        99.14529914529915
      ],
      "cm": [
        [
          229,
          1,
          0,
          0
        ],
        [
          5,
          256,
          0,
          4
        ],
        [
          1,
          0,
          213,
          0
        ],
        [
          0,
          1,
          0,
          290
        ]
      ],
      "unc_mean": 0.031098218634724617,
      "unc_correct": 0.0306328646838665,
      "unc_incorrect": 0.0694124773144722,
      "unc_ratio": 2.2659480571746826,
      "loss": 0.2984838575939648
    },
    {
      "accuracy": 99.3,
      "precision_macro": 99.31333307566781,
      "recall_macro": 99.32788319558632,
      "f1_macro": 99.32019317009777,
      "cohen_kappa": 0.9906212233676239,
      "mcc": 0.9906238791773,
      "ece": 0.024930140554904928,
      "auc_roc": 0.999698091595718,
      "precision_pc": [
        99.56140350877193,
        98.50187265917603,
        99.53488372093024,
        99.6551724137931
      ],
      "recall_pc": [
        99.12663755458514,
        98.87218045112782,
        100.0,
        99.3127147766323
      ],
      "f1_pc": [
        99.34354485776805,
        98.68667917448406,
        99.76689976689977,
        99.48364888123923
      ],
      "cm": [
        [
          227,
          2,
          0,
          0
        ],
        [
          1,
          263,
          1,
          1
        ],
        [
          0,
          0,
          214,
          0
        ],
        [
          0,
          2,
          0,
          289
        ]
      ],
      "unc_mean": 0.034667108207941055,
      "unc_correct": 0.03421296179294586,
      "unc_incorrect": 0.0990913063287735,
      "unc_ratio": 2.8963088989257812,
      "loss": 0.13251932890852913
    },
    {
      "accuracy": 99.0,
      "precision_macro": 99.06322281982494,
      "recall_macro": 99.03305103676382,
      "f1_macro": 99.0417335503369,
      "cohen_kappa": 0.9865981025593603,
      "mcc": 0.9866470291613538,
      "ece": 0.016482921004295402,
      "auc_roc": 0.99963812887687,
      "precision_pc": [
        100.0,
        97.06959706959707,
        99.53051643192488,
        99.65277777777779
      ],
      "recall_pc": [
        98.68995633187772,
        99.62406015037594,
        99.53051643192488,
        98.28767123287672
      ],
      "f1_pc": [
        99.34065934065934,
        98.33024118738405,
        99.53051643192488,
        98.9655172413793
      ],
      "cm": [
        [
          226,
          3,
          0,
          0
        ],
        [
          0,
          265,
          1,
          0
        ],
        [
          0,
          0,
          212,
          1
        ],
        [
          0,
          5,
          0,
          287
        ]
      ],
      "unc_mean": 0.025903549045324326,
      "unc_correct": 0.02545851469039917,
      "unc_incorrect": 0.06996212154626846,
      "unc_ratio": 2.7480833530426025,
      "loss": 0.2542802249954548
    },
    {
      "accuracy": 99.0,
      "precision_macro": 98.98953350175175,
      "recall_macro": 99.02451457500604,
      "f1_macro": 99.00409640940163,
      "cohen_kappa": 0.9866000241199566,
      "mcc": 0.986617217665551,
      "ece": 0.019588060915470093,
      "auc_roc": 0.9994008295023654,
      "precision_pc": [
        99.5575221238938,
        98.13432835820896,
        98.61111111111111,
        99.6551724137931
      ],
      "recall_pc": [
        98.2532751091703,
        98.87218045112782,
        100.0,
        98.97260273972603
      ],
      "f1_pc": [
        98.9010989010989,
        98.50187265917603,
        99.3006993006993,
        99.3127147766323
      ],
      "cm": [
        [
          225,
          4,
          0,
          0
        ],
        [
          0,
          263,
          2,
          1
        ],
        [
          0,
          0,
          213,
          0
        ],
        [
          1,
          1,
          1,
          289
        ]
      ],
      "unc_mean": 0.030236437916755676,
      "unc_correct": 0.029840370640158653,
      "unc_incorrect": 0.0694471001625061,
      "unc_ratio": 2.327286720275879,
      "loss": 0.247253148292657
    }
  ]
}