{
  "model": "HSANet (Ours) \u2014 Corrected",
  "params_m": 10.974902,
  "inference_ms": 19.162297248840332,
  "cv_summary": {
    "accuracy": {
      "mean": 99.06,
      "std": 0.17435595774162746,
      "ci95": 0.15282973532660502
    },
    "f1_macro": {
      "mean": 99.07522716714065,
      "std": 0.16759021107363364,
      "ci95": 0.14689929689507966
    },
    "auc_roc": {
      "mean": 0.9994877151532633,
      "std": 0.0003146764433969858,
      "ci95": 0.00027582606399458184
    },
    "ece": {
      "mean": 0.018235654377937314,
      "std": 0.00388840311979958,
      "ci95": 0.0034083356103192944
    },
    "cohen_kappa": {
      "mean": 0.9874038217194918,
      "std": 0.0023350648004445513,
      "ci95": 0.002046774541259111
    },
    "mcc": {
      "mean": 0.9874437922823679,
      "std": 0.0023270105860720893,
      "ci95": 0.002039714711088976
    },
    "precision_macro": {
      "mean": 99.09278600271412,
      "std": 0.17991191744811563,
      "ci95": 0.1576997487315163
    },
    "recall_macro": {
      "mean": 99.069344602269,
      "std": 0.15858012880770636,
      "ci95": 0.13900161157472402
    }
  },
  "test_metrics": {
    "accuracy": 99.2,
    "precision_macro": 99.3099719758125,
    "recall_macro": 99.29295970356647,
    "f1_macro": 99.30130377005769,
    "cohen_kappa": 0.989073963802042,
    "mcc": 0.9890753172273083,
    "ece": 0.026268644154071832,
    "auc_roc": 0.9995010275002414,
    "precision_pc": [
      99.2094861660079,
      98.69706840390879,
      100.0,
      99.33333333333333
    ],
    "recall_pc": [
      98.81889763779527,
      99.01960784313727,
      100.0,
      99.33333333333333
    ],
    "f1_pc": [
      99.0138067061144,
      98.85807504078304,
      100.0,
      99.33333333333333
    ],
    "cm": [
      [
        251,
        3,
        0,
        0
      ],
      [
        1,
        303,
        0,
        2
      ],
      [
        0,
        0,
        140,
        0
      ],
      [
        1,
        1,
        0,
        298
      ]
    ],
    "unc_mean": 0.03607281669974327,
    "unc_correct": 0.03561633080244064,
    "unc_incorrect": 0.09267660975456238,
    "unc_ratio": 2.6020820140838623,
    "loss": 0.14232338347937912
  },
  "test_acc_ci95": [
    98.6,
    99.7
  ],
  "comparison": {
    "ResNet-50": {
      "model": "ResNet-50",
      "timm": "resnet50",
      "params_m": 23.516228,
      "inference_ms": 6.760680675506592,
      "accuracy": 98.4,
      "precision_macro": 98.4349295892468,
      "recall_macro": 98.60101127064999,
      "f1_macro": 98.51574315161436,
      "cohen_kappa": 0.9781572947809586,
      "mcc": 0.9781693714251121,
      "ece": 0.012274747908115436,
      "auc_roc": 0.9984871032485026,
      "precision_pc": [
        98.41897233201581,
        97.40259740259741,
        98.59154929577466,
        99.32659932659934
      ],
      "recall_pc": [
        98.03149606299213,
        98.0392156862745,
        100.0,
        98.33333333333333
      ],
      "f1_pc": [
        98.22485207100591,
        97.71986970684038,
        99.29078014184397,
        98.82747068676717
      ],
      "cm": [
        [
          249,
          5,
          0,
          0
        ],
        [
          3,
          300,
          1,
          2
        ],
        [
          0,
          0,
          140,
          0
        ],
        [
          1,
          3,
          1,
          295
        ]
      ]
    },
    "VGG-16": {
      "model": "VGG-16",
      "timm": "vgg16",
      "params_m": 134.276932,
      "inference_ms": 12.4544358253479,
      "accuracy": 98.7,
      "precision_macro": 98.87002532906567,
      "recall_macro": 98.88119499768412,
      "f1_macro": 98.87517303935599,
      "cohen_kappa": 0.9822474217794092,
      "mcc": 0.9822514470706828,
      "ece": 0.011166450381279037,
      "auc_roc": 0.9985765995624969,
      "precision_pc": [
        98.4313725490196,
        97.71986970684038,
        100.0,
        99.32885906040269
      ],
      "recall_pc": [
        98.81889763779527,
        98.0392156862745,
        100.0,
        98.66666666666667
      ],
      "f1_pc": [
        98.62475442043221,
        97.87928221859707,
        100.0,
        98.99665551839465
      ],
      "cm": [
        [
          251,
          3,
          0,
          0
        ],
        [
          4,
          300,
          0,
          2
        ],
        [
          0,
          0,
          140,
          0
        ],
        [
          0,
          4,
          0,
          296
        ]
      ]
    },
    "EfficientNet-B3": {
      "model": "EfficientNet-B3",
      "timm": "efficientnet_b3",
      "params_m": 10.70238,
      "inference_ms": 12.560069561004639,
      "accuracy": 98.7,
      "precision_macro": 98.77407578032,
      "recall_macro": 98.83428542020482,
      "f1_macro": 98.80315285255527,
      "cohen_kappa": 0.9822478096528218,
      "mcc": 0.9822545186384244,
      "ece": 0.010697685718536349,
      "auc_roc": 0.9996529033487441,
      "precision_pc": [
        98.4126984126984,
        97.72727272727273,
        99.29078014184397,
        99.66555183946488
      ],
      "recall_pc": [
        97.63779527559055,
        98.36601307189542,
        100.0,
        99.33333333333333
      ],
      "f1_pc": [
        98.02371541501977,
        98.0456026058632,
        99.644128113879,
        99.4991652754591
      ],
      "cm": [
        [
          248,
          6,
          0,
          0
        ],
        [
          3,
          301,
          1,
          1
        ],
        [
          0,
          0,
          140,
          0
        ],
        [
          1,
          1,
          0,
          298
        ]
      ]
    },
    "ViT-B/16": {
      "model": "ViT-B/16",
      "timm": "vit_base_patch16_224",
      "params_m": 85.801732,
      "inference_ms": 14.25159215927124,
      "accuracy": 99.1,
      "precision_macro": 99.1160394112174,
      "recall_macro": 99.24144408419536,
      "f1_macro": 99.17770176474822,
      "cohen_kappa": 0.987713411221205,
      "mcc": 0.9877202121984301,
      "ece": 0.008505982339382146,
      "auc_roc": 0.9996887226622924,
      "precision_pc": [
        98.828125,
        99.01639344262296,
        99.29078014184397,
        99.32885906040269
      ],
      "recall_pc": [
        99.60629921259843,
        98.69281045751634,
        100.0,
        98.66666666666667
      ],
      "f1_pc": [
        99.2156862745098,
        98.8543371522095,
        99.644128113879,
        98.99665551839465
      ],
      "cm": [
        [
          253,
          1,
          0,
          0
        ],
        [
          1,
          302,
          1,
          2
        ],
        [
          0,
          0,
          140,
          0
        ],
        [
          2,
          2,
          0,
          296
        ]
      ]
    },
    "Swin-Tiny": {
      "model": "Swin-Tiny",
      "timm": "swin_tiny_patch4_window7_224",
      "params_m": 27.52243,
      "inference_ms": 11.081290245056152,
      "accuracy": 98.9,
      "precision_macro": 98.96606107617325,
      "recall_macro": 99.04786166435078,
      "f1_macro": 99.00641518308588,
      "cohen_kappa": 0.9849802285189959,
      "mcc": 0.9849829311620434,
      "ece": 0.01076095736026764,
      "auc_roc": 0.9993978291338523,
      "precision_pc": [
        99.2094861660079,
        98.36065573770492,
        99.29078014184397,
        99.00332225913621
      ],
      "recall_pc": [
        98.81889763779527,
        98.0392156862745,
        100.0,
        99.33333333333333
      ],
      "f1_pc": [
        99.0138067061144,
        98.19967266775778,
        99.644128113879,
        99.16805324459234
      ],